{
    "head": {
        "store_mapping": [
            {
                "store_id": "E2E_US_01_STORE",
                "fulfillment_node_id": "E2E_US_01"
            }
        ],
        "mode": "on_hand"
    },
    "items": [
        {
            "product_id": "e2e-2-yoda",
            "quantity": 10000000,
            "fulfillment_node_id": "E2E_US_01"
        },
        {
            "product_id": "e2e-1-darth-maul",
            "quantity": 10000000,
            "fulfillment_node_id": "E2E_US_01"
        }
    ]
}