{
    "head": {
        "store_mapping": [
            {
                "store_id": "01_Berlin",
                "fulfillment_node_id": "01_Berlin"
            }
        ],
        "mode": "on_hand"
    },
    "items": [
        {
            "product_id": "e2e-2-yoda",
            "quantity": 10000000,
            "fulfillment_node_id": "01_Berlin"
        },
        {
            "product_id": "e2e/1-darth-maul",
            "quantity": 10000000,
            "fulfillment_node_id": "01_Berlin"
        }
    ]
}