{
  "head": {
    "shop": "storefront-catalog-en",
    "locale": "en-us",
    "is_master": true,
    "filterable_attributes": [],
    "searchable_attributes": [
      {
        "name": "product_id",
        "path": "$.product_id",
        "weight": 10
      }
    ]
  },
  "items": [
    {
      "show_in_listing": true,
      "brand": "",
      "caption": "A superbly comfy end to end product.",
      "categories": [
        {
          "path": "tshirt"
        }
      ],
      "country_of_origin": "US",
      "description": "A superbly comfy end to end product.",
      "external_identifiers": [{
        "type": "sku",
        "value": "tshirt/3"
      }],
      "images": [
        {
          "url": "https://www.newstore.com/wp-content/themes/newstore%20website/images/logo-on-black.png",
          "is_main": true
        }
      ],
      "material": "Fabric",
      "online_from": "1970-01-01T18:56:14Z",
      "product_hts_number": "6204.49.1000",
      "product_id": "tshirt/3",
      "shipping_dimension_height": 1,
      "shipping_dimension_length": 1,
      "shipping_dimension_unit": "in",
      "shipping_dimension_width": 1,
      "shipping_weight_unit": "lb",
      "shipping_weight_value": 1,
      "tax_class_id": "standard",
      "template_id": "",
      "title": "tshirt",
      "variant_group_id": "tshirt/3",
      "variation_color_value": "White",
      "variation_size_gender": "unisex",
      "variation_size_system": "US",
      "variation_size_type": "regular",
      "variation_size_value": "Maul"
    }
  ]
}